,A,B,C,D
2000-01-01,0.15522642782911697,0.5117138074832368,1.605320147366217,-0.16935055847838015
2000-01-02,0.8909597117951523,-1.1064671596445754,1.0858131233539023,-0.4626382409547131
2000-01-03,3.1179706423466853,-1.4703308400591382,2.5233793639739623,-0.9030694655335973
2000-01-04,4.419215168603887,-1.61680449656778,1.8435570379908612,0.8800781512159415
2000-01-05,5.285238631084176,-3.4980386648170025,1.3166815048586222,2.9384508064681265
2000-01-06,5.839703679061818,-3.3855931790619405,1.56436673145519,3.201355404687272
2000-01-07,3.699797556036663,-2.783156000847437,1.9090735768637623,3.2963145371525124
2000-01-08,3.1319644543214853,-3.0205460101382733,2.479409006429896,1.601152303039801
2000-01-09,2.2207208041557274,-2.443217993146374,3.943056289548631,1.667589542391154
2000-01-10,2.263792376762725,-3.1451890834309766,4.43261124955968,2.7197053906684845
2000-01-11,1.8329061982349617,-4.14337930730443,3.157117976783166,2.1303081342652628
2000-01-12,0.9076876546382079,-3.300274473503446,2.846411032789848,2.203024223858299
2000-01-13,0.8664636136273589,-2.8344183329897934,4.0055045443632755,2.2150364887543867
2000-01-14,1.848345457195371,-2.3115306139178005,3.9973934223311622,1.5947042013979673
2000-01-15,1.4837983887305004,-1.6779040636061642,5.626143967854224,3.144274275164144
2000-01-16,2.216706794651847,-1.6087950761916883,4.726316579164587,3.3238966250471256
2000-01-17,3.137015653846728,-2.852005029224882,4.684077478129119,2.7690029998056844
2000-01-18,1.0312750426653183,-3.198516794384255,5.238929014205715,2.248625725964699
2000-01-19,-0.11014729735582884,-2.233668091148059,4.699644609549031,3.2196670008788253
2000-01-20,0.6715990932004197,-1.115629339116084,3.8854593801919313,1.0770076143802578
2000-01-21,-0.799951430379527,-2.176505133422441,2.5812274154533736,1.3356418787978726
2000-01-22,-1.058145182990829,-1.2567747148409951,2.390945461058044,-1.4271046862623966
2000-01-23,-0.6047719903458335,-0.7874458900808816,2.778494892300916,-0.3236972930734472
2000-01-24,-0.5999424859044205,-1.3392992504147354,2.4468335383784123,1.00029850817658
2000-01-25,-0.09560566042851804,-0.3130695091571345,2.7242980278415874,-0.20261380265258766
2000-01-26,-0.13038426126259006,0.32582187611814517,3.2178205480186386,-1.2070263306397044
2000-01-27,0.43646780191972734,0.32472316476653323,3.7100690001837995,-2.5008218518981593
2000-01-28,-0.9601790386366232,-0.8788170352379703,3.085892746129028,-3.308803250873654
2000-01-29,-1.011425746788717,-0.5229256841048544,1.1722337576776853,-3.208463917800475
2000-01-30,-1.377709920660264,-2.5479942355073484,0.8252430222077429,-1.9637898122388835
2000-01-31,-2.5395935310396798,-3.20217268276687,-0.6467957787490941,-1.602292429006639
2000-02-01,-1.7196695899532974,-3.052767923815619,-1.7245768197462081,-0.0686468764048962
2000-02-02,-0.16025239453481066,-2.350524484781619,-2.045357471656797,-1.1619352960037397
2000-02-03,0.9324285541383506,-2.549247270289076,-2.2319463586722197,-0.9807031782355669
2000-02-04,-0.7737875821797999,-3.3727712327376054,-1.194076937562794,-2.917803343106659
2000-02-05,-0.9035204022939184,-4.448816432604465,-1.1897888595613937,-2.150495659822184
2000-02-06,-1.5284538643289123,-4.453526378111,-0.7599492180059564,-1.269902805505025
2000-02-07,-0.9451763525913808,-4.889798896621943,-1.798931208665015,-1.9368975780502846
2000-02-08,0.030415493578157204,-5.576621804928475,-1.8970439727986754,-1.7022729288228156
2000-02-09,-0.03732792276865288,-4.7237144875257435,-0.16434026312794958,-2.512923001585103
2000-02-10,1.5875753595938162,-4.948478007946466,0.2187792947705191,-2.4190773502471132
2000-02-11,1.02652403113558,-3.443463791402662,0.39723275007294434,-2.5295446618029067
2000-02-12,1.120102147442489,-2.0424238835895627,0.0955026455962259,-3.4880637211933716
2000-02-13,0.9130810912395937,-1.9373901398056734,1.2637614162376685,-4.019592887040555
2000-02-14,2.1850035504748995,-2.404894592299368,0.9622477365040214,-4.467832168910765
2000-02-15,1.4214127625742914,-2.364607655421191,0.9091094217614217,-5.369939671590789
2000-02-16,0.3676040849334288,-0.8702301686581737,1.3938156062805143,-4.392029522334699
2000-02-17,0.3955307788045974,0.16985338861391464,-0.31448025562030724,-4.66201773144574
2000-02-18,0.5060060456046481,0.40836511140845416,-0.8943000208080656,-2.9323544445354712
2000-02-19,0.18458343314539616,1.0564057946814156,-2.4676003408843927,-0.9773754388337059
2000-02-20,1.3960382161780096,1.550585694023375,-2.280346854945507,0.0786385221507564
2000-02-21,-0.03130120228782407,2.818495965644959,-3.608437585404313,-0.4730190483764982
2000-02-22,-0.024053496985131272,2.105054791858235,-3.222422601334155,-0.3342763425827002
2000-02-23,-1.6503584247224725,2.677616617415201,-1.9801518007564098,0.5262449715014728
2000-02-24,-1.198992107277406,2.932124790926472,-1.335912545081847,1.4711207723833657
2000-02-25,-0.23792869372798575,1.963440627335511,-2.540199666820934,2.356198495139566
2000-02-26,-0.10687643834087815,0.5982107421850178,-1.6522022942423364,2.2815673447926823
2000-02-27,0.6985693757556832,1.2618203434572055,-2.2780330851645063,0.49206373665886605
2000-02-28,3.139195686384184,-0.08282086758238227,-3.4607760104139147,0.06057020071060343
2000-02-29,3.4270962811362855,0.9950097713744113,-2.942270434179009,0.02357815327236744
2000-03-01,2.9950909854833916,3.2465198851389525,-4.138669146478061,-0.9433740751195099
2000-03-02,1.7092993271488912,5.495404845021346,-4.110589635767709,0.043011426810587894
2000-03-03,0.8106550941688793,4.535332645004377,-2.9104680951262507,0.43124659722511544
2000-03-04,0.517057544111843,5.741377313176631,-3.073822283910266,2.765618318664529
2000-03-05,-0.8904990629514324,4.6359202600147675,-3.5959409985561868,1.2105499888805233
2000-03-06,-1.924330222828504,5.1544847899495405,-4.701891935452844,1.2725288648313284
2000-03-07,-2.9037360572679667,3.6974855760015117,-5.065934952544493,2.1195051161677085
2000-03-08,-4.076987905600495,3.4023635390807967,-4.148541162613042,2.062882711820259
2000-03-09,-5.060310786522493,3.3709534131920007,-4.33609355590462,1.2073337428332902
2000-03-10,-5.085766870472531,2.1301459901192263,-4.472001955574569,1.9897863939846725
2000-03-11,-4.862965338476982,0.16192773483541778,-4.2041954224525515,2.5600526146444826
2000-03-12,-4.618074226162537,1.2702294863036279,-4.184970254175966,2.5472357264271097
2000-03-13,-4.589508250219303,1.5824818263712133,-3.938996905070598,3.46918128670617
2000-03-14,-3.659481169013077,0.15371320279029632,-3.8205588087466458,1.9145019869970799
2000-03-15,-4.230822742270677,0.37633389526782823,-3.7992163195657955,2.261922461149808
2000-03-16,-3.9345642175281337,-0.17909915803488052,-1.9050076725894978,1.5370455056917893
2000-03-17,-3.693786398437571,-2.4774659907958134,-2.1299751303753336,2.2529778993136804
2000-03-18,-4.753108656770444,-3.0868436868457163,-2.1716484907213913,2.9312950990263325
2000-03-19,-4.650839496512507,-3.6298413742769733,-2.1108043523572295,2.7031559500451725
2000-03-20,-4.935875450498896,-5.71834267299694,-3.3472020769124526,4.182182571764835
2000-03-21,-5.9714901915562635,-5.614426635749438,-2.7030730030916303,3.5435329482079387
2000-03-22,-4.992435669134425,-5.261072638886868,-5.29997477657294,3.134924749043665
2000-03-23,-3.6758270792971133,-4.689985326438005,-5.46334344379897,3.0174017231362638
2000-03-24,-4.46743805669869,-5.749138612718048,-5.889757946904671,3.072113742976948
2000-03-25,-4.3252837811245595,-8.518309865953675,-6.918848370775278,2.084752188135724
2000-03-26,-3.6617877295833168,-9.564345044256736,-4.7497876831337695,3.1611735759638364
2000-03-27,-3.3907341737344576,-9.328321787651902,-4.603434131433778,4.158533435052952
2000-03-28,-4.6492048342484935,-8.45283213909232,-3.2432705635947743,3.6937420055042107
2000-03-29,-5.5131597330072175,-9.028336021589991,-4.08774628538161,3.988149490477356
2000-03-30,-4.957444337812797,-8.801793226446598,-4.279564798444556,3.0831927174256335
2000-03-31,-3.744362098177672,-6.713000743347527,-4.653509855988039,2.1480226181232855
2000-04-01,-3.2821527613232266,-6.838465834101354,-4.394569430455627,3.210680327470926
2000-04-02,-4.198711112071335,-6.391387194450673,-5.789410234495818,1.3585740436110694
2000-04-03,-3.311314529061761,-6.666411586880617,-5.075199033269977,0.42658495051979617
2000-04-04,-3.0653094718901124,-6.068037729444073,-5.244175001557148,0.5959123785282388
2000-04-05,-0.8389036553826696,-7.9308324209705745,-5.903679346852945,-0.6594256855658318
2000-04-06,-1.18208481605849,-8.225858386467836,-6.7991192376927,-1.8831629550956723
2000-04-07,-1.6124564608934446,-6.813544629350489,-7.111660090468771,-1.68676532941718
2000-04-08,-2.4891825443812228,-6.713740357175731,-7.384637689350706,-1.3365347592488874
2000-04-09,-3.2812548086554276,-6.206648377098968,-6.7758455615581425,-2.8667867188870906
2000-04-10,-3.20300042683313,-7.6396022338773415,-6.663011038406667,-1.728088806775567
2000-04-11,-2.585615384823493,-7.708216201632698,-7.715914869957814,-1.4634576496086984
2000-04-12,-1.1380509122209201,-5.384580100192073,-7.067612995814214,0.03985911125979724
2000-04-13,-2.284690709077908,-6.027741759683736,-7.9894973712044965,0.9756442867846467
2000-04-14,-2.6643386673855076,-5.347336289361386,-7.880514779358071,1.184179639738479
2000-04-15,-3.454387791342212,-5.466093808888473,-6.772691029271897,0.8268390744222196
2000-04-16,-3.3728146987553393,-4.301318430239457,-7.123227028041129,0.010740599508495263
2000-04-17,-2.500184298522485,-3.989334346527987,-8.518947181196312,-1.0596796238101667
2000-04-18,-2.5784591905157965,-4.1345103642409216,-8.122953333313928,-1.152618308581197
2000-04-19,-1.604982359132407,-4.869787905430782,-8.513035189240204,-0.9658177426848508
2000-04-20,-1.3411488394922457,-5.502475549207384,-8.378218455188234,-0.5504274729592857
2000-04-21,-1.4850884448583797,-4.844957122681639,-7.593703086156776,-1.7475782152597885
2000-04-22,-0.33203315021473556,-4.90150185320882,-7.2854552545768305,-2.0738790663469713
2000-04-23,-1.3813744528673875,-4.037580697054743,-7.000408835273567,-2.4563959623846645
2000-04-24,-3.2036422654511307,-3.8346782601829834,-7.789677627974149,-2.6967277607669593
2000-04-25,-4.321612370772716,-5.927868348926294,-7.556001089507025,-1.9667453939978872
2000-04-26,-2.638669678386884,-6.514235399076745,-5.411960088467474,-0.19927982120531995
2000-04-27,-3.8389288376492208,-4.991653412376486,-6.469691248379238,-0.7557151061893249
2000-04-28,-2.5191962317889667,-6.9553395216579235,-7.569681049424849,-0.38700577384299806
2000-04-29,-1.5500808928671999,-6.223670205657115,-9.280615906164115,-1.534743164004405
2000-04-30,-1.6509604756595715,-5.655284510023753,-9.184464169701329,-0.9318098968061889
2000-05-01,-1.6068918046363296,-5.555140074165664,-9.776514056444766,-0.9971717212861323
2000-05-02,-1.1652459200001484,-4.616161452845043,-9.015665021353119,-0.8219934856526534
2000-05-03,-0.8765293115303816,-4.797930543859432,-8.575503204398338,0.1584834166306064
2000-05-04,-1.2924322568874365,-4.429695608897522,-7.3245089379938655,-1.0875300166870283
2000-05-05,-1.9517809108295763,-6.3305151411026825,-7.51850534960151,-0.08792399097948389
2000-05-06,-1.624062560592618,-5.767487448874448,-8.107498477897472,-1.2861860861247023
2000-05-07,-2.338002371678149,-5.318086654565625,-9.253439852654358,-1.1832521983497346
2000-05-08,-3.145785773566316,-4.332841258814394,-10.874670044952206,-1.4490308093215338
2000-05-09,-3.732291867534843,-3.972319764000982,-8.242084501555759,-1.4391995785757001
2000-05-10,-4.852236626495815,-2.2744638634994208,-8.704765952594093,0.7922735374964813
2000-05-11,-5.394792622928133,-3.405926982656246,-8.885243155931162,1.202414765937899
2000-05-12,-6.472691329591569,-1.7963876698233026,-10.853879563717445,0.6868896069779338
2000-05-13,-8.188635825399224,-1.5390087365686376,-9.794801575090535,-0.010428283441489383
2000-05-14,-7.897196131099848,-1.8841057767107217,-9.761294654067633,-0.2845127079848286
2000-05-15,-7.138301127526598,-1.526250225393445,-10.210778637405927,0.17075470638369167
2000-05-16,-6.167465296214119,-2.6854941144755706,-9.03240883702386,0.09598105065422892
2000-05-17,-8.205899723015804,-4.139641136502997,-8.94117768930001,-0.5198205784457188
2000-05-18,-7.184124663126847,-3.369217502492951,-7.206823492573992,-0.04733613903307654
2000-05-19,-7.669830894367075,-2.6385780624842927,-8.043111824211502,-0.18192378370454593
2000-05-20,-8.923982225509372,-3.071619460382793,-7.338137964046874,1.519054650991059
2000-05-21,-9.473978143759236,-1.2375951382739843,-6.362718556658173,0.37604533464456713
2000-05-22,-8.890350110092518,-0.5195414637940639,-5.55145140922625,-0.7574291441534131
2000-05-23,-8.17550883484676,0.2843136256984643,-5.651444325463494,-0.2875437849378773
2000-05-24,-7.918878552949233,2.5242253067776654,-6.6549689367575136,-0.892303086979173
2000-05-25,-7.886434837460285,2.8417996342470673,-6.088469192997525,-1.8174602711007855
2000-05-26,-8.143761930840407,3.1138736822878705,-6.8139615471369614,-2.3666483527126423
2000-05-27,-9.107161280503675,3.7940725910811173,-5.529317740892743,-2.9264666141902937
2000-05-28,-9.721875425615591,3.7441967304108457,-5.4177541598981245,-2.3135934978663184
2000-05-29,-8.690264554969248,3.075136330577789,-7.722622546006375,-0.8396327810762099
2000-05-30,-8.714260521739948,4.144089538134556,-6.802751171401702,0.4128689672486474
2000-05-31,-8.249640416425162,4.100089873366653,-6.992903151319938,-1.150645258570815
2000-06-01,-8.319547998149263,1.9572813668741254,-5.821067330298417,-1.7043030078012245
2000-06-02,-9.035241100355547,1.2338730967891003,-5.276510461549037,-1.9510363517468154
2000-06-03,-10.162016456828871,1.0574916123654134,-4.954884534164986,-2.381716554531883
2000-06-04,-10.323818458077204,1.3976011725976139,-4.9052062743378855,-2.8546197272204132
2000-06-05,-9.786365067920816,1.863236134716501,-6.048890537154797,-2.146498588426618
2000-06-06,-9.401974919858473,1.4103969504780403,-6.397993488591979,-1.959787274164418
2000-06-07,-9.344952788136295,1.6406539827131192,-4.681782489366115,-2.0821737619002034
2000-06-08,-9.489210450358918,0.3975104559830913,-3.976077486293068,-1.203463013193677
2000-06-09,-9.392527176850907,0.7078002186809982,-4.597902888085004,-1.8841407172427376
2000-06-10,-9.344374297794579,2.1527871615298584,-5.825244418806917,-1.8574531674955899
2000-06-11,-7.016475109835415,2.335090842490182,-6.7760476759066055,-1.922768756532029
2000-06-12,-7.396078588250001,2.005626184600934,-6.586568502816633,-1.1707433470167319
2000-06-13,-6.85309832406453,1.987406657975946,-6.946318216416707,-0.6161373301236995
2000-06-14,-8.343444668822226,0.7940455466015397,-6.743025271483919,-0.7600568453750572
2000-06-15,-8.394941270759869,1.5849922785058506,-8.194516194138917,-2.0600885798327577
2000-06-16,-6.790635743513183,2.9245218393774315,-9.256419612381269,-1.2723225406398027
2000-06-17,-7.708459336063113,3.4905634707036794,-8.991020893527477,-1.811477162631487
2000-06-18,-7.557070669884212,3.970197336354657,-8.495322682423904,-4.5629504689849725
2000-06-19,-6.94471428098875,2.6287136633998287,-7.01874810901225,-6.169530151849644
2000-06-20,-5.5602728191600335,3.0384993553080295,-6.686398815040539,-5.799124496307082
2000-06-21,-5.248570911668153,2.615942817066361,-5.19097572977625,-6.607631591154655
2000-06-22,-3.980139156896143,2.434072555944432,-4.497480441944175,-9.087416418994021
2000-06-23,-3.100772328284533,2.9963254305990494,-2.978150337504016,-9.407198097421205
2000-06-24,-4.1788372955469395,3.3208977455705098,-1.8824492143407832,-9.823049680503843
2000-06-25,-2.3148023835871356,3.9242575187691773,-2.06457267566985,-10.589677036350938
2000-06-26,-1.9498710174879987,4.406244455197618,-0.9748834966126783,-11.853958267738648
2000-06-27,-1.9786722774058445,3.6427438282712274,-1.6657365342997896,-13.029076663330162
2000-06-28,-2.6090993693276583,4.9803950392139935,-1.7712905345101966,-12.781365040726776
2000-06-29,-0.4483876114531298,4.243657937574657,-1.4855530669952002,-15.021547905818284
2000-06-30,-1.6496182282805036,2.70412106297706,-0.3102043197527544,-13.246369804648767
2000-07-01,-2.2288345878861127,2.145743233368198,-0.7265884811464023,-11.44059183497916
2000-07-02,-1.1858044141813242,3.214862368075913,-0.40822544405805644,-10.77054614676642
2000-07-03,-1.7539578271346574,4.830995128708567,-0.5458960385723242,-10.907874083825497
2000-07-04,-2.5531323115421625,5.426285833805879,0.08794039997686576,-11.331944542081846
2000-07-05,-2.620587152613111,3.7745588055057087,-0.05636742278088336,-8.501236100845949
2000-07-06,-0.7992403126471683,3.454471047357683,-0.7185950906380549,-8.688927422916636
2000-07-07,-1.455910321901175,4.665792792708839,-2.408634905694419,-8.621670372301548
2000-07-08,-1.9205029511892295,5.772968726853197,0.0027054262115906447,-7.392484816149243
2000-07-09,-1.0595174398314624,5.467229020685333,0.4113965974386969,-7.90134313122353
2000-07-10,-2.655927533839039,5.985883600029047,0.8667861353822823,-8.640656730082632
2000-07-11,-2.7461729725081376,4.614466199092874,0.49718131228866,-9.230047856231279
2000-07-12,-3.556404384066729,4.736690435430668,-0.2855151465647501,-8.728788572327627
2000-07-13,-3.2975556437626574,3.3287267253922286,-0.4878540782517659,-7.547187483540842
2000-07-14,-2.4823834272548972,2.95399759765781,0.5155167685417035,-7.999384471149972
2000-07-15,-2.0333946412479067,1.9450847140534593,-0.011049061464594612,-8.472033497234094
2000-07-16,-1.0419254283919468,2.005319358603514,0.31805301535173913,-8.721816678932388
2000-07-17,-0.7915940292825825,3.535098248091118,-0.24341365460329978,-7.167878675124802
2000-07-18,-1.657206254764374,3.8942863192528065,-0.2465250622274729,-5.832168795555143
2000-07-19,-2.74336651650622,2.07491256158897,-0.806535431117809,-7.972365850330231
2000-07-20,-3.262515311989116,2.017339072686016,-1.5705304761024008,-9.236522366022031
2000-07-21,-4.127460192076588,2.597145427956754,-0.9592721982712857,-9.828426516970472
2000-07-22,-1.9353352092598706,2.802793253934832,-1.1864068204398077,-8.494488433927318
2000-07-23,0.06645605608606298,1.358458739180503,0.7457506584616638,-9.223023893626783
2000-07-24,-0.35574790250328586,0.7822211024726585,0.2753164156518575,-7.6780921543170635
2000-07-25,-0.2875621732260489,0.7058895442009595,0.30253443803143115,-7.144479767251746
2000-07-26,0.017115417936758748,0.720622259779538,0.6155986754215181,-9.27422345204948
2000-07-27,1.3782244101678724,-0.02238020737607571,0.9201390387353371,-9.881523826790852
2000-07-28,1.6893550129000254,-0.09531793746649468,1.6271363792900486,-9.51621506915868
2000-07-29,3.16716507673101,-0.06089945679876317,1.2139253383640454,-9.051458791663263
2000-07-30,3.397803224727913,-0.8402397737984784,2.208569427083132,-8.556062490964672
2000-07-31,3.2392219716530892,-0.02866109531457295,1.1168715434825836,-8.012031381389203
2000-08-01,2.7036972655037936,-0.80585879781803,0.8528361783522577,-9.015711194059865
2000-08-02,2.4707205448447596,0.3702181623045875,1.2044112367465198,-7.911627913904164
2000-08-03,3.062811874973262,0.8824266825206051,1.2151487487779855,-7.744212654721385
2000-08-04,3.828381898618737,2.361872328903927,0.012874333039529784,-8.734674653629023
2000-08-05,3.4321084864102063,1.3425856441030288,-1.1873063210657244,-9.268675124257667
2000-08-06,3.6162500976169367,2.1155441485237167,-0.6566515748330138,-10.662402063566468
2000-08-07,3.1761911849522173,2.1989719515335318,-0.20137302344776536,-9.082732731831658
2000-08-08,4.135794187020915,2.1368707937994604,-0.20747398565444963,-8.588644552331148
2000-08-09,5.234423127170915,2.576747129060992,1.5632665056349426,-8.831011994143953
2000-08-10,4.986909973370549,4.070235500528286,1.5323005413622324,-9.963044005147065
2000-08-11,3.4775496036502385,2.3982329077963764,0.4679000802475606,-9.493401409884083
2000-08-12,2.670628025104356,2.460234516729477,1.1712012118392146,-8.905098468883795
2000-08-13,2.0063408968827665,2.711133788435744,-0.1631659433036441,-7.753897590822572
2000-08-14,2.274095263708407,2.579710904406718,0.12290251535669622,-7.63385228444973
2000-08-15,1.104028133638285,3.1478442890522684,1.1647359514714153,-8.919008234909981
2000-08-16,1.708430425934984,3.8138758323656603,2.401986934704433,-9.524215931499429
2000-08-17,2.3911838799106655,3.973994311627657,2.3834227384087012,-8.369571147474064
2000-08-18,4.028074282808,4.112534029920013,3.6308073880201297,-9.34253856913927
2000-08-19,4.783741127781265,3.374788821154363,1.196220556959791,-7.295193031740149
2000-08-20,4.947676636228886,1.844153892439083,2.160650502204818,-6.995582670077165
2000-08-21,6.701540765600229,1.5308309239989457,0.8566584547244349,-7.999682777006676
2000-08-22,10.128604373918867,0.45407946976838875,0.5428686950666818,-8.041448136849265
2000-08-23,9.287245137679196,0.7050225163800776,0.21732689846847775,-6.883051402026334
2000-08-24,8.165312541205896,0.18440384036610713,2.085546092238787,-6.96738452546016
2000-08-25,7.4956701580321194,-1.0135001112888298,4.098518391102262,-7.814858649076125
2000-08-26,8.302088959357302,-3.6010165614841054,3.5954638729651416,-7.745015113226792
2000-08-27,7.7675927036362316,-3.6598897801846957,3.9592354754415013,-5.810771737460568
2000-08-28,7.4006714910986355,-4.328439679971485,4.026476888840649,-6.232065158419481
2000-08-29,7.970206605446471,-4.786188400007118,2.9793603634242376,-7.177350694230547
2000-08-30,8.571566663077432,-4.064019090061395,5.442340782981961,-6.098828140033037
2000-08-31,7.683064093023917,-4.020550541511765,7.087862633605484,-3.9355625053660637
2000-09-01,6.311249784855172,-3.5023049430396678,5.4808708195107645,-5.657892288924658
2000-09-02,6.0094765618438295,-4.672754550855395,6.0045407560809725,-4.701914706419392
2000-09-03,5.620034824792851,-5.680473105330527,6.077201688829432,-3.425943108632521
2000-09-04,4.4077481626655945,-5.178512773500006,8.137919813708837,-4.484267570145784
2000-09-05,5.769544749013283,-5.780134514428029,5.76227553118574,-5.577594173296777
2000-09-06,6.443060113760055,-5.156308561888902,8.07488633760383,-5.019678224812654
2000-09-07,5.961210093536616,-4.631670246772624,8.759509572184209,-4.803980522830421
2000-09-08,6.727013551881383,-4.119640774121228,7.570170747415953,-4.6427984046036475
2000-09-09,6.581369661325519,-3.242323521690653,7.049576408295357,-6.012801404022805
2000-09-10,6.668696926003141,-2.3152595351539604,6.99705005824144,-5.562659089986405
2000-09-11,6.410784118098756,-1.068068061564481,8.359625058648716,-4.541444123989541
2000-09-12,5.4652383426861295,-1.1909933701751154,7.0569565673929695,-4.223052314934884
2000-09-13,7.15018043365532,0.26479774210723517,5.891204360134609,-3.6228661014622556
2000-09-14,7.378707686664008,-1.7206819814399288,6.082685217878191,-4.938927982293909
2000-09-15,5.191763136970701,-1.1434161756498038,4.423866497153628,-4.154759417308922
2000-09-16,5.584599779382482,-1.1167258082055047,5.040407338839186,-4.141539965847115
2000-09-17,7.340109316044624,0.31087986741125806,4.687239231901515,-2.285072531944264
2000-09-18,8.7855236091462,1.630020821183238,4.618071669832025,-2.1836280291565955
2000-09-19,8.135247442523715,2.2406031854434003,4.485913673239216,-4.760010237061694
2000-09-20,10.278030268172738,2.5245036995213677,4.518753128079022,-5.854672000155995
2000-09-21,10.036901892065828,1.7539682456078176,4.291208241532473,-4.312806004045992
2000-09-22,9.933586394907882,2.091162866445427,3.30432300549781,-1.8467633782676032
2000-09-23,10.947540134308216,2.024088559553003,3.7518095388314627,-2.7473528531805
2000-09-24,10.107402897233854,3.921785343847142,3.411600605058086,-2.761751215169943
2000-09-25,10.963539975479133,5.076617354971134,2.328904830599398,-2.5473676847987687
2000-09-26,13.734552151351783,5.395057910748546,1.711909103411016,-1.8823917481488632
2000-09-27,15.71282358632086,5.766960322384923,1.1848473387873661,-2.0115589274762646
2000-09-28,14.964214637329707,5.532030514051368,1.140572840124624,0.9095363764885063
2000-09-29,15.556818931524349,5.568921821798647,0.21878876460172503,1.2704014972400168
2000-09-30,14.900262006340391,6.3395722192290895,-0.030049452529048837,-0.09708368045072446
2000-10-01,15.457047177657975,6.462482629210858,0.35384711335198643,0.3822541919955688
2000-10-02,15.074661569875868,8.678475802231441,0.944992970017732,1.7247794682846607
2000-10-03,14.288079876040285,7.879268090408631,1.2762967609967393,2.780447498844569
2000-10-04,14.17854315706963,6.537180423769286,1.2679759764125282,3.081005746904457
2000-10-05,13.99110026441771,4.782021955940672,1.7684210110529077,1.8652837683035066
2000-10-06,12.176922124601486,2.60047494406357,0.6586121726047904,-0.4352154517233544
2000-10-07,13.379482727163113,2.611298739870421,1.5727346719503161,0.09865148918096467
2000-10-08,14.462263181734333,3.216835199121972,2.317047211891202,1.8127868737017268
2000-10-09,13.985967205507103,5.3139857777097586,3.483875260499883,1.9391241944012814
2000-10-10,13.669646562151108,5.3243656080005,3.158882314867138,1.613376175185313
2000-10-11,15.372129960182,6.2139680349337105,3.499641981945051,2.2575206588433874
2000-10-12,16.851868541613527,5.88019668813422,3.3173045814285116,0.8313301362725949
2000-10-13,16.063725009770902,5.433685875300682,4.522305906940952,0.8618848421326727
2000-10-14,15.562506480859382,6.476497987968966,4.728474567678062,1.3131763865833006
2000-10-15,14.373245047068133,5.6757464480310515,4.657658900685464,1.0854552645514437
2000-10-16,14.53849749167055,5.705904192004552,6.064631177325307,0.32531893079905794
2000-10-17,13.840223459309804,6.766927881636609,7.189254015951938,0.773291101296333
2000-10-18,13.677287890300796,9.38128550766194,6.575765328854375,1.4363823838093404
2000-10-19,13.818777543370178,9.010050875275995,5.389897685407385,0.3254239236769223
2000-10-20,13.88393125060297,8.93214519914229,4.47134034851594,-0.4396528512362524
2000-10-21,13.295667168399605,9.044788302648263,3.530222252023481,-2.0127394550739024
2000-10-22,14.58558257115919,9.359252901693536,3.391708497728102,-2.3661575965625397
2000-10-23,12.890970449850673,9.382547936847962,3.1578151120737403,-2.8764852787608644
2000-10-24,12.570148626014422,10.8556819704646,2.4276702696857897,-2.3266182918215796
2000-10-25,12.75395202242548,10.489004881364405,2.9427152305346373,-3.491108684918066
2000-10-26,13.096698718035599,10.412067751166218,0.6963532436355262,-3.4686077683771788
2000-10-27,13.392747692603319,9.9446423632015,-0.4019039709956995,-2.716450935762805
2000-10-28,13.123442217113494,8.187275748233882,-1.7460330632063332,-3.1318769720059176
2000-10-29,14.59520244576904,7.49690492232701,-1.1106303255800787,-4.957519487673723
2000-10-30,13.865603341146906,8.300648015211252,1.2728646919123403,-4.172819128107243
2000-10-31,13.884334866984567,8.633531536685167,1.783535862986462,-3.6484595078566113
2000-11-01,13.341642057005402,9.193792130398794,1.2358248375883902,-3.7023522560506628
2000-11-02,12.904005599648452,8.451472070367096,1.0266110982340948,-4.390288036912867
2000-11-03,13.052441773229077,7.979070804694041,0.9933333437823304,-3.9206183436562214
2000-11-04,11.732441639093567,8.618375024152986,-0.9267778185332918,-4.191255964288376
2000-11-05,11.557916539378924,7.611807888167162,-1.1174838321870244,-4.159315607661801
2000-11-06,10.973855531186576,6.419778284362345,-0.721330359935255,-5.21407678893933
2000-11-07,11.357796137060225,7.335892821292438,-0.711277103779579,-3.556646467986128
2000-11-08,10.47161117963492,5.644682736353375,-0.8538561857069376,-3.670726769589748
2000-11-09,9.670945041609272,5.050744816701041,-1.3134347301046945,-4.495130161827506
2000-11-10,9.34661789399534,3.6156999504018064,-1.7193285253091786,-3.501222213144919
2000-11-11,7.900291449962421,2.6188294754274075,-2.455428542263334,-4.32668936818372
2000-11-12,7.916059075876779,1.652459541988836,-3.4660202080859674,-5.8036043416819245
2000-11-13,6.599673713498403,1.8691664190942072,-2.1439323646423967,-6.536134335988485
2000-11-14,4.531188621613634,1.4119949047743088,-0.5012423938385087,-6.287316462750119
2000-11-15,4.388955012651476,1.7250511395703498,0.6271411451346569,-7.063139722934864
2000-11-16,3.7407210664101633,1.3982139915236476,1.5495833337359857,-7.884500938098083
2000-11-17,2.60290673197082,2.180297446040187,0.19709589172795483,-6.2884952303839325
2000-11-18,3.6199145429576194,4.159148752985392,-0.3482778530589169,-5.520721884641701
2000-11-19,2.1159228595637893,4.525166065326459,-0.51734339444392,-5.4337499259291855
2000-11-20,2.8481133182370906,3.2880870417702495,-1.462711012029215,-4.260114588165517
2000-11-21,3.0266225024311164,2.4194799336806954,-0.2605140757411686,-5.0024706219345205
2000-11-22,3.616234436251562,2.670495920608269,-0.15103532460577268,-4.117446468924233
2000-11-23,3.1734160498723725,3.9900273636120307,0.834028427708156,-3.3781852658577427
2000-11-24,2.803806606731495,5.657398783175854,-0.5144196948536952,-3.051309078708958
2000-11-25,1.378606302395026,5.66065811497749,-1.161281117391352,-2.8500833535728924
2000-11-26,0.4801664498307372,5.792364399720678,-1.765061767333457,-3.1611051605185123
2000-11-27,1.9309943488177315,7.083200218186008,-1.9051146708906073,-2.9027866705189362
2000-11-28,1.429782916962739,5.44683641130602,-2.444000033010658,-2.9603550951154807
2000-11-29,2.395839376024905,4.877089701333462,-2.534701857646539,-2.290125463902019
2000-11-30,1.7576135046747416,4.513361130503672,-3.287881511216875,-2.7476948520097584
2000-12-01,1.5213241149277357,4.408986379484949,-3.6193624784139256,-0.9672889491409311
2000-12-02,0.9300041600150251,1.852350112084534,-3.068042388649083,-2.028125080103913
2000-12-03,1.9425112161357472,1.5766690813910036,-3.042528769497688,-1.1248288154640673
2000-12-04,2.1586982451401897,3.0620019332215263,-2.964194786670717,-1.1957245269069374
2000-12-05,2.0228963204832753,2.0510277452620795,-2.7645527483613983,0.2886053501513326
2000-12-06,3.0867633420729756,2.1462892064419226,-0.46810947824562943,0.9048149232607137
2000-12-07,3.306434532209176,1.6258938303436052,0.8093964740049457,0.42107174815631054
2000-12-08,2.160463502350207,1.6694868561815963,2.068211434647693,2.4944495148532435
2000-12-09,1.5129826666432842,0.07202184089820407,2.860927609437999,2.913005109528396
2000-12-10,0.8841459273705005,0.5848741594812434,2.516608868938099,3.717725834453689
2000-12-11,0.9934129662203763,1.7800534255297862,3.16809206514458,3.6079457654730507
2000-12-12,1.257944021173086,0.3853508348275039,2.8420389540108832,4.043171088500796
2000-12-13,0.8686479648814555,0.23593988221677564,3.993264534701523,5.356644007207967
2000-12-14,-0.14397284779862785,1.0257052216298344,2.60616586755428,5.428939973221751
2000-12-15,1.9458706641865242,3.425742153985289,1.307729191996498,6.219601665030434
2000-12-16,1.8708367327803612,4.344958063203181,1.7286724748111926,6.306071298573371
2000-12-17,0.5350878289962802,3.421849368196229,1.6376585010598077,8.996747285759193
2000-12-18,0.537045244341417,1.4288268436410552,1.8891732006647206,9.44148727283348
2000-12-19,-1.2632080390155624,1.4428272483575668,2.3038147311430626,9.033388201629514
2000-12-20,-1.1233111999805796,1.7166271169536138,1.7611332230837773,8.245578649881772
2000-12-21,-0.37212550955532764,0.6709844008592871,1.6946214779530233,7.579984530473502
2000-12-22,-0.5867899897805317,-0.7838937471883198,1.919543269938165,6.516908526754534
2000-12-23,0.6941169298599942,-1.3714437215242814,1.0521423262883753,5.553630204617765
2000-12-24,-2.318668076176059,-1.1707230316632389,0.9635495511720386,4.677502639976947
2000-12-25,-3.5233174109203214,-2.6107666407942554,-0.51029858546948,5.005022341505802
2000-12-26,-4.066872057657848,-3.622345227046096,-1.4133722337749888,5.5970297243539
2000-12-27,-4.628001335738177,-3.2715773286585073,-2.6789466353505755,7.480033612647423
2000-12-28,-4.4553745763381105,-5.3215656723821585,-2.2916765330295177,6.827713317652471
2000-12-29,-4.370491955849462,-4.0512628055586735,-2.0343256356474924,8.035468336201811
2000-12-30,-4.143117202212163,-2.9094756667771384,-3.1990545170767675,9.25320927859844
2000-12-31,-5.298409509147425,-4.084362085663491,-3.089586703632459,7.883700709700959
2001-01-01,-4.230208658751709,-4.7330017935653155,-5.038943790904307,6.936921462042915
2001-01-02,-3.04668963924016,-5.905081586052586,-2.7588729268742487,5.598401592218281
2001-01-03,-3.013653293016432,-7.794747603895625,-2.086348078324635,5.39938619704908
2001-01-04,-4.110215764563714,-8.370352784692765,-2.5138546557882844,5.463571360542263
2001-01-05,-4.502887972418,-8.034347262043715,-3.5536608283727693,4.912697580202893
2001-01-06,-6.071245879204176,-8.488795145556024,-3.8119829564920202,4.891066277437268
2001-01-07,-5.993889563668687,-7.420104309075245,-4.214742447545197,5.679382083787894
2001-01-08,-7.186091254958272,-7.369587716148294,-4.583790353889229,6.012599034715502
2001-01-09,-7.481164513254283,-7.063581043741011,-4.177393514242719,5.163116540274648
2001-01-10,-6.841640290562229,-5.396081390136047,-3.6398362023035875,4.853030575386766
2001-01-11,-6.343371631566338,-5.649542182274759,-5.338281544678043,4.832715916153391
2001-01-12,-7.687405846776831,-5.901286190796531,-5.441554347794367,4.774399954496037
2001-01-13,-9.123854456782778,-6.201149417763586,-5.992262038133138,6.154336380701499
2001-01-14,-9.722122195058725,-6.748126588571918,-7.451219969924718,6.76462877509742
2001-01-15,-11.006304517452104,-5.734860968124457,-8.921565128692206,8.453279914466336
2001-01-16,-12.99910140805459,-7.523360644211354,-7.219568956662934,7.731936236857846
2001-01-17,-14.880023744710341,-5.701011309161971,-7.736829364428031,6.604821284934772
2001-01-18,-14.757021168295166,-7.90567100876825,-6.310140003216439,7.766473057889476
2001-01-19,-16.221198205533693,-8.82468837016283,-4.435465516911098,6.771961012179348
2001-01-20,-16.232151562165935,-9.628272665586286,-3.3659329710651598,5.486126402817898
2001-01-21,-17.58151610332134,-8.285442053297826,-4.940529665247273,6.139854723529064
2001-01-22,-18.08585963005319,-7.654660162257407,-5.035183761084012,6.380939397426115
2001-01-23,-17.14135168133392,-8.470641487018776,-5.750322173958455,6.147062276377915
2001-01-24,-18.351847428116198,-9.105392220109335,-6.290734453451327,7.023702432872689
2001-01-25,-19.007258187406585,-8.727271773524993,-5.126950464399657,5.905031427942587
2001-01-26,-18.772594083842016,-8.567038882268337,-4.963405970721633,4.711409338463773
2001-01-27,-18.757855737395563,-6.5767673115161935,-5.166555981022735,6.831838344653296
2001-01-28,-17.93999461314279,-7.303900167829849,-4.349002341922752,5.785340940341804
2001-01-29,-17.49040237967173,-7.370843174952432,-3.727992214082546,2.761078296651098
2001-01-30,-17.262841968189562,-8.16593520555381,-3.4148387643235045,2.2769223489969246
2001-01-31,-16.371524574552275,-6.858161364469902,-3.1408980669769777,1.7284911336863436
2001-02-01,-15.741289248364822,-6.596249199742534,-3.83487233869955,0.15695408908744124
2001-02-02,-15.52235014417509,-5.265731384324026,-3.377622538814762,0.9827365586862339
2001-02-03,-14.24036403736152,-6.606739617929461,-4.037872713154617,1.0708970548147378
2001-02-04,-14.414593264852536,-5.957560434856766,-3.9406590573102416,0.009058770146821216
2001-02-05,-13.473321798594462,-6.795985158408178,-4.999358167828712,-0.45082730458715065
2001-02-06,-13.745328004057198,-7.646014832205629,-4.549567542821378,-0.4584173249618438
2001-02-07,-14.40002926459684,-5.876173780478818,-5.3176771786746295,-0.9754427814293587
2001-02-08,-14.367075553693617,-6.774841438947116,-4.617421057090416,-1.0519379694485267
2001-02-09,-15.725439795429347,-7.7971624912077155,-3.6666319563786267,1.1317240459769573
2001-02-10,-16.833582193765906,-9.06169105851092,-4.390232512159782,2.668665416241165
2001-02-11,-13.875369134454479,-10.052350327221466,-3.397467321897776,3.177234420772466
2001-02-12,-12.188697148392407,-10.714639396096048,-2.8633697023723195,4.1507401436014
2001-02-13,-12.751031066225295,-10.210449600730753,-2.9896788411168917,4.284093468259817
2001-02-14,-12.85597148310962,-10.403786279020418,-3.50543005146755,4.769288576730909
2001-02-15,-12.457557216035887,-9.25261130194745,-3.272883272913612,3.91970781855334
2001-02-16,-11.572387605187622,-10.306240992859427,-2.3363175047390152,1.8787385583428473
2001-02-17,-11.112064169131644,-9.725213939747789,-2.6598215520126742,3.7309745695551024
2001-02-18,-11.123251120988089,-9.923274319850256,-2.889584789783311,6.513201607584961
2001-02-19,-12.190352670006895,-9.560420806336689,-2.9102984928280575,5.252226551828469
2001-02-20,-11.794801828915812,-9.526965521784087,-5.901815960256721,4.390645312219086
2001-02-21,-12.550025582924013,-10.268677098296179,-4.102156254411075,3.0017560457845986
2001-02-22,-11.913892854275904,-11.335782807092947,-3.124188420082616,4.144737258493341
2001-02-23,-11.565128424575098,-12.601419791384231,-2.619514729055952,4.611103572240225
2001-02-24,-13.447124363446205,-12.35317179080358,-4.079095318939791,4.094127048006452
2001-02-25,-15.159904897719684,-12.948318207204846,-4.000736396464389,4.986698726818118
2001-02-26,-14.634794208160002,-12.972065010594399,-4.919342386264623,4.532384766096083
2001-02-27,-14.808028720492523,-12.42129697111513,-4.871260149215144,3.6615497915262583
2001-02-28,-15.48276785440518,-13.034881530301803,-4.421272231534064,3.116039283359389
2001-03-01,-15.114217065597888,-12.860451594404214,-5.0592421017615905,3.680419694519782
2001-03-02,-15.421822583781744,-12.283532783788859,-5.510134600093545,3.162594916390088
2001-03-03,-15.048860099302384,-12.258567715347723,-5.183032726832145,2.8761723945674973
2001-03-04,-15.871839528522571,-12.393292964255965,-4.777818572639561,1.6219748808820114
2001-03-05,-13.929236516473019,-11.770538318972086,-6.992317234466663,1.4147829820901057
2001-03-06,-11.902911191912885,-13.11221146493735,-7.8404484713900935,2.265977742688795
2001-03-07,-11.411268446845655,-12.529426578256587,-8.61378125927695,1.6856467725698199
2001-03-08,-10.861419307771284,-10.810406751544456,-9.650115403227597,1.9999209847321362
2001-03-09,-10.438837223150417,-9.8379909567198,-9.619354038231128,1.6939032493573687
2001-03-10,-11.787455575809924,-10.357433696050455,-9.15335782717169,1.5931721129082586
2001-03-11,-12.257189399763579,-11.821100851345271,-10.225706535414744,3.0346717551455766
2001-03-12,-10.76841358340006,-10.526944131281207,-10.30761512392567,1.7026779141261874
2001-03-13,-11.83889059519283,-11.063072823562251,-12.032573135085759,2.632594115642969
2001-03-14,-11.124210272769247,-10.611739543656627,-12.254539556690208,2.5152022725754524
2001-03-15,-10.609295560577394,-10.149694823115373,-11.967398065916734,2.54979861631431
2001-03-16,-10.17588138729279,-9.621109159729972,-11.958301535396025,3.2351174678370818
2001-03-17,-10.062754135333385,-11.95971615936119,-12.560954545998015,2.3985414665815483
2001-03-18,-8.43671605937475,-11.188597296138603,-12.183073928601425,3.567139831064734
2001-03-19,-8.261286294812903,-11.889462742990908,-12.524483975184257,3.705697497829211
2001-03-20,-9.450036378416673,-12.625776476315293,-12.43141821971618,4.430947706683024
2001-03-21,-9.288990441185614,-13.708143313839665,-12.012124230465552,5.241782124974593
2001-03-22,-7.9223435230875285,-14.63430503662497,-11.797931505937726,6.089885010171537
2001-03-23,-8.102837413722794,-13.639507400562666,-12.741149641221876,6.314156503715923
2001-03-24,-8.77074428585448,-14.005395380779996,-12.280917196322145,5.727380620136979
2001-03-25,-10.034835998903528,-15.283448652487788,-12.044085372834992,5.916503595465692
2001-03-26,-9.83117494042022,-14.305329870338856,-12.75640412391056,6.427419704462567
2001-03-27,-9.041140574453525,-16.19328781692761,-13.570919288844774,4.705529418734634
2001-03-28,-8.418996790140348,-15.319470915343306,-13.775469860954317,5.490599511774819
2001-03-29,-9.470466350001246,-15.637912605649493,-15.033255498393704,4.089040218633372
2001-03-30,-8.990109953351835,-17.797805618371186,-15.112407219996955,3.8066387502516923
2001-03-31,-10.562378549036348,-16.903329693456637,-16.00205774860247,3.638268074478656
2001-04-01,-8.720451680956689,-17.710201818303645,-16.908559492976096,6.2928673146049245
2001-04-02,-8.75303887004613,-14.533172332876987,-18.047738827367475,5.659948017596379
2001-04-03,-9.097708946996386,-13.427893752521006,-18.97866896292285,7.291244936490217
2001-04-04,-9.84018229826108,-12.562686678017222,-17.719876338017517,5.728635800685316
2001-04-05,-10.371872474952239,-12.198277466005672,-18.26980008983405,6.193355760103354
2001-04-06,-10.51972980678424,-12.185728078336833,-15.935106971012422,7.008704180505321
2001-04-07,-11.473740750874054,-11.187877970894284,-14.807390292957713,8.048580705089973
2001-04-08,-12.395463737604304,-11.910470388146283,-14.453123891152378,9.299235030151882
2001-04-09,-11.628630627973829,-10.628663718579595,-14.40086756079343,9.465041835535587
2001-04-10,-11.817462490592604,-12.543900487413733,-14.488926725461182,10.115510142018948
2001-04-11,-10.654218525529576,-11.89241445202859,-15.256430999170096,10.445081894911498
2001-04-12,-9.851939933672343,-12.6491385917144,-15.4414016152973,8.887955944960549
2001-04-13,-10.019687872638634,-13.57924846585539,-14.678960579457252,8.689589619025247
2001-04-14,-13.195857448119185,-11.426509357589252,-15.965351567516915,8.927166510601204
2001-04-15,-14.043532640098322,-11.418794284108635,-14.625922092736788,8.487303844576783
2001-04-16,-12.742745875953869,-9.992706493455326,-13.765536732613452,8.383212297103858
2001-04-17,-11.817328381083186,-10.493431170184179,-13.77151710698003,8.558580408154153
2001-04-18,-10.994931643871551,-10.20874551970516,-12.290861602790368,9.839731071558228
2001-04-19,-9.87065497549504,-10.321771640953791,-12.689740240902237,9.535271275326624
2001-04-20,-9.958965965040573,-9.615721883263838,-12.481949507358433,8.25882570921467
2001-04-21,-11.625424648083861,-8.040022315870171,-11.747469661370385,8.476430784712319
2001-04-22,-8.878192805487327,-7.978737331576155,-12.013098812355917,6.672610244610021
2001-04-23,-8.262192301902326,-8.272124516982325,-11.65649872333,5.587553031544622
2001-04-24,-7.923139792689635,-8.352683556343713,-10.993851930353754,6.516874139443467
2001-04-25,-6.200110890505907,-7.770967949341494,-11.778739322331697,6.997497842499443
2001-04-26,-7.02379393580593,-9.32135913454621,-10.719774671983561,7.509901891245254
2001-04-27,-7.569857186368024,-8.521118603111127,-10.405654262693501,8.500497357561033
2001-04-28,-7.813488424851673,-8.031006747320905,-12.051257012268707,8.160811607680419
2001-04-29,-9.274460704080283,-6.52658703207711,-12.650300601470542,7.837894916262132
2001-04-30,-7.4336410496425875,-4.991149719696399,-11.712279176646835,6.646596975713321
2001-05-01,-9.023907298409574,-4.261336553896811,-12.878459689751322,6.738410758201307
2001-05-02,-8.295061373015605,-3.722155102037294,-12.84518097164284,6.221646392629989
2001-05-03,-7.690967255553988,-3.8429675806589305,-14.555827631302648,5.4716340357803555
2001-05-04,-8.59848812310137,-3.1695791146330348,-14.942982730632128,6.349283235870635
2001-05-05,-8.001052273522438,-4.1028018294164275,-13.72670158659151,7.832813149260529
2001-05-06,-7.887447962221716,-2.501227860114163,-15.119048208691249,7.422789857172399
2001-05-07,-7.561633941220243,-3.88556580949614,-15.978771477375592,6.718255279689242
2001-05-08,-7.167804096271747,-5.0475902448937,-16.490332696806394,6.9223781365859764
2001-05-09,-7.793412306362305,-5.756718869229722,-18.152714026519902,6.957028007618356
2001-05-10,-7.608723750748939,-4.787130338031299,-18.576836075978427,6.907016670148661
2001-05-11,-7.535725657542989,-5.141299923374296,-18.939145377491148,6.335288843112913
2001-05-12,-6.210589896177907,-3.9263781042218326,-16.149700242668345,5.460379338092633
2001-05-13,-7.557556796637863,-4.053444829378424,-16.718366691504787,4.587267140562005
2001-05-14,-5.013041175237755,-4.992923473797994,-16.957123229919357,2.0854581049909697
2001-05-15,-7.390475479246124,-4.703341701126083,-16.862843208931828,2.174718026968886
2001-05-16,-9.367234497937288,-6.6246294676421265,-17.195951672486103,3.783078152553836
2001-05-17,-10.055635637503563,-6.739451768025973,-18.51679388420047,1.8610845454619591
2001-05-18,-11.35518761338302,-5.944649709085971,-18.17782735929677,3.1551461052758154
2001-05-19,-12.274757593436203,-6.739655886047779,-20.20008705473934,1.7783707586930626
2001-05-20,-13.066232262554674,-5.771106603848278,-21.426739068914763,1.9967144702247572
2001-05-21,-13.073814144149667,-5.0340757884874225,-20.683306944921455,1.023429023148089
2001-05-22,-14.06770779803558,-4.424266745271979,-20.884887533516526,2.34115868137368
2001-05-23,-13.459797437524085,-4.489828380751044,-21.56725179987366,2.7856059551457206
2001-05-24,-13.85530542920533,-6.080149543565877,-21.782808831846914,3.4618351891649635
2001-05-25,-14.632679932112287,-6.270580446841757,-21.62089860072217,3.6493164803848446
2001-05-26,-15.220353399900565,-6.303207298099323,-21.66529736967129,3.626039667760635
2001-05-27,-15.666946459227058,-6.725294252716173,-20.85551751817173,4.867795348867283
2001-05-28,-17.610851017708278,-6.908129216893423,-21.457820771176554,4.501931020862246
2001-05-29,-16.960584730293697,-9.55448636298752,-22.11611575975118,6.596826136143317
2001-05-30,-16.713372480698606,-9.79941495624254,-23.199771256225322,5.5709810666527
2001-05-31,-15.836997308167222,-10.827477515172752,-22.126079021465205,4.992935349800635
2001-06-01,-16.740576686699328,-12.387154481832304,-21.266003217684656,6.6201334322061385
2001-06-02,-16.56524302151558,-13.688103009242214,-20.8689994492017,7.544165321285496
2001-06-03,-15.778154472473469,-12.785240306911843,-20.932626855232442,6.677993567247724
2001-06-04,-15.582837805985603,-13.484281455923341,-21.120441948660346,6.284680157107473
2001-06-05,-13.034155408034536,-13.957560735909665,-19.779789788468122,6.985905434133725
2001-06-06,-12.467296938185141,-13.751045694246695,-19.659636834604772,7.038316470641141
2001-06-07,-11.94133099427303,-14.801366440368632,-20.754274783961996,5.275999868751882
2001-06-08,-13.013432824400681,-14.336608734389705,-20.889194554180815,6.914110878173705
2001-06-09,-13.8524638837931,-14.092955299742394,-19.836747150002047,6.876040563545566
2001-06-10,-12.244943827309042,-14.511629753028835,-19.688297559357768,7.421557858754017
2001-06-11,-12.615417083526987,-14.192123954699042,-19.975557305268687,6.872526610906373
2001-06-12,-13.2372677802438,-15.593546983371281,-19.417900143514554,5.31745878620892
2001-06-13,-12.679944088782033,-15.408448296243915,-19.333853182061883,6.186423711617388
2001-06-14,-11.00802450891076,-16.10936781018507,-20.07554301842543,6.978561782377603
2001-06-15,-12.603039084868286,-14.915056200985754,-20.310652179933957,7.037435751712563
2001-06-16,-13.092588946609643,-15.59394834344133,-17.9417879511401,6.508500584996038
2001-06-17,-12.993993202523356,-15.855351228338488,-16.212842336184327,6.8921644349561175
2001-06-18,-11.481369422019643,-14.857330802951644,-16.50355297659756,5.551269866961867
2001-06-19,-10.675545952052449,-14.842215375898279,-14.381258442976193,4.313767590966727
2001-06-20,-12.319813559704707,-15.505540443968929,-15.606665705489599,4.898129183641479
2001-06-21,-12.816378060715264,-15.631775723963619,-16.054904518536198,4.149479493786145
2001-06-22,-13.60185850785454,-14.514940658137423,-14.93395604905965,3.8744674818025273
2001-06-23,-12.706042477241258,-14.00426867813848,-13.523034938361413,4.114672120565896
2001-06-24,-12.693473748233835,-13.764994000992582,-13.596311708176554,4.495922446066305
2001-06-25,-12.919379452205304,-14.974226401811274,-13.292184362125774,4.074242088912695
2001-06-26,-12.474636142106974,-15.94332163664003,-13.050248411771124,6.023915027429565
2001-06-27,-10.484132911420298,-14.322683363960273,-11.49883404139268,6.1469300840856205
2001-06-28,-10.639470986350434,-15.21944768268795,-11.573204137524455,3.5913262348216257
2001-06-29,-11.87425880902613,-16.3618074357299,-8.85682149464705,4.082929175858638
2001-06-30,-10.075923689156998,-16.886683789593402,-7.564042144264458,4.262660269082778
2001-07-01,-10.671469416761983,-16.963431207089005,-6.030851092800271,4.820261995383212
2001-07-02,-10.728740365376321,-17.891836593395183,-5.818718504534151,5.483131875211518
2001-07-03,-9.266103038204992,-17.921302445598368,-7.184021599727753,5.13936034448319
2001-07-04,-8.76178343426317,-18.20971689913371,-6.875386797254214,6.000097487989385
2001-07-05,-8.30251055261115,-17.986274264355277,-5.690872021176063,6.596785774106676
2001-07-06,-8.581604857977174,-19.819060425403393,-7.070279660724522,7.139019987329157
2001-07-07,-8.282791287962011,-21.141229706497867,-7.088941636437904,5.938637292657614
2001-07-08,-9.149122753578167,-19.77450553536833,-7.683430255362919,6.333404242513536
2001-07-09,-9.3331364411387,-18.870463453926565,-6.733800198607769,5.538767587445716
2001-07-10,-9.390146746841818,-18.413845171814984,-7.194827288187743,4.094049869055159
2001-07-11,-7.436551945847558,-19.223156944843357,-5.164415216319842,4.703116913680791
2001-07-12,-7.992681331926763,-18.536905430549727,-4.726619675953199,5.1629533500762514
2001-07-13,-8.265427579393455,-18.75286706512539,-5.1725594233029915,4.085170541424725
2001-07-14,-9.319585221178727,-18.55813638501831,-4.253974682415279,2.957389827434911
2001-07-15,-8.985804771929839,-19.49273497706128,-3.8617473290320525,3.254215548889897
2001-07-16,-7.987396022834441,-18.1015464609986,-5.5217265386765,3.5859115554251173
2001-07-17,-7.407112811033535,-18.45174765660473,-4.973505918003919,4.241419187501387
2001-07-18,-8.037082836552823,-18.053531184885664,-6.567153148265831,5.352249206022351
2001-07-19,-6.423428292561617,-18.25308151721942,-6.703825709503913,6.561168140847102
2001-07-20,-5.780719023531912,-17.828865225627492,-7.610077663550438,6.348089726338606
2001-07-21,-6.622121678228536,-18.230008511043405,-8.24997496630926,6.370226189651848
2001-07-22,-4.8005028462603265,-17.140948800279627,-6.882413783232873,5.911111776007087
2001-07-23,-5.589625060679784,-16.14244449454159,-5.0965948649331185,6.546351474238478
2001-07-24,-6.982638171453951,-15.313003226776274,-6.314656657815959,8.623995165308429
2001-07-25,-7.86931695974411,-15.675996876671354,-6.774433576259591,8.575776995761643
2001-07-26,-7.783777906491014,-15.123507217941468,-7.607852571811188,8.496418718450427
2001-07-27,-6.068937862530216,-16.065291775253744,-8.423914602279869,8.646835666408466
2001-07-28,-6.18859718289937,-15.959717254578603,-8.432368474011176,9.496057540445298
2001-07-29,-5.842702483335575,-14.255786692693249,-7.045531281799045,10.075863347058002
2001-07-30,-6.80268225488572,-14.310826923736828,-9.276821618991912,9.506373541599642
2001-07-31,-7.652752963547273,-14.578601573290353,-8.811719038342813,7.421413077848511
2001-08-01,-5.869337567752435,-14.962573023164211,-7.035878540336477,7.318354330635779
2001-08-02,-5.167123964059316,-15.408361028811447,-8.123761587867978,7.474427040317071
2001-08-03,-5.786625762737516,-14.436018492605802,-7.477890173127458,7.440128107756314
2001-08-04,-4.877329990102095,-12.403850354716747,-4.948436837803618,8.212011626630272
2001-08-05,-5.137016630077744,-13.258465096039608,-6.785235034697289,6.0445295143135045
2001-08-06,-4.043644142759455,-12.757021532514422,-7.385632068278335,4.679548020988604
2001-08-07,-4.55700686020261,-11.310033479525151,-7.9050418238583,4.573205454545489
2001-08-08,-4.611761051010464,-11.951849724369094,-7.359515134825283,5.28870752778556
2001-08-09,-3.447245072728771,-10.510176279500696,-7.0764339890723535,3.540025413504761
2001-08-10,-3.140350500819231,-10.312947850736212,-7.717110521500883,3.837574542382715
2001-08-11,-2.0349665505609886,-9.77587666314471,-5.952067687838822,3.633566363725528
2001-08-12,-2.316669105990113,-8.842894671119002,-8.099040968185994,3.3183255255627477
2001-08-13,-2.2403994564001812,-8.198916518628328,-9.462236959973488,4.550473544757783
2001-08-14,-1.3257964312815353,-9.104890608193202,-12.181388311391498,5.737145603235726
2001-08-15,-1.5543911044659515,-8.207241368776833,-9.609254876663526,5.976928151612891
2001-08-16,-1.6254245165750247,-8.518745119063198,-9.910188877611846,5.758427847869915
2001-08-17,-1.320367893210831,-9.550783408053375,-10.677733645715994,5.169177652866393
2001-08-18,-1.544894749365504,-9.833192395837743,-10.705587035881631,5.4313733630639245
2001-08-19,-3.1162196695670836,-10.468879694839556,-11.15973986926088,6.993502203971418
2001-08-20,-3.6231748066786476,-11.365580025946878,-11.729639413263914,6.322213325024168
2001-08-21,-3.79579460109454,-10.851570566434386,-13.249922060900762,6.792543344083243
2001-08-22,-3.15424753597244,-9.677743063462218,-13.345326771048322,8.263041801899753
2001-08-23,-4.086555339143988,-11.296269129236624,-14.46842592800218,9.92921400701155
2001-08-24,-3.6691612802786264,-11.917900715240801,-14.403257133909733,8.678129212474628
2001-08-25,-3.389884280097812,-11.53195422724448,-13.864988576479336,8.816230660156162
2001-08-26,-2.0595896206787287,-11.45125403307352,-13.451645015167935,9.049635405478591
2001-08-27,-3.551134650303603,-8.352938192469486,-12.638291880096604,9.155569963788528
2001-08-28,-3.910766439387198,-8.0436336696777,-11.081170572653528,9.955695753956805
2001-08-29,-2.573568615873423,-8.573713039734548,-9.214545128893718,9.270305074807657
2001-08-30,-2.3499949305680987,-9.77752411276132,-9.178522287293974,9.139900458793464
2001-08-31,-1.8913895944797454,-9.574263254493982,-10.172474290874268,9.921863939557008
2001-09-01,-1.690880658380258,-8.648241992312183,-9.941888951548354,8.111664414093198
2001-09-02,-2.7772260547773384,-8.44681102088068,-9.827263050222209,9.722796827111088
2001-09-03,-2.698604380924254,-8.035365316382663,-9.575776822212298,8.516000888158581
2001-09-04,-3.22974222077068,-8.299226699921773,-10.642640638495225,8.19756020871498
2001-09-05,-3.2002007708049036,-9.732590363877677,-11.653527576776339,8.559314024381235
2001-09-06,-2.741315933933846,-9.248036978011603,-12.671951365534142,7.727073143180633
2001-09-07,-3.788772011445716,-8.487959896045899,-12.800824516862281,8.652111790274432
2001-09-08,-5.359015851407968,-8.319682745389985,-12.953950108910224,9.842994605079655
2001-09-09,-4.905265655385381,-8.659283078445558,-13.727464464622662,10.110130127461286
2001-09-10,-4.85580528771243,-8.389901437659816,-13.2504597947471,10.656642952639523
2001-09-11,-3.8038301182783094,-8.65398692478818,-13.756996654296701,10.43534547412363
2001-09-12,-3.2849091728599693,-7.790587499636137,-13.717370126498047,10.370447315340474
2001-09-13,-3.1904678197511216,-8.248172402394932,-14.135605743086025,10.609713739153502
2001-09-14,-3.427436645539084,-7.024948217189921,-14.887028942274162,9.248827068584815
2001-09-15,-4.918900619907564,-7.056831251455148,-15.067289952359996,10.242286840814693
2001-09-16,-2.161225168621234,-6.497388674135556,-15.519167152786114,9.749940664101986
2001-09-17,-3.1168494607851014,-7.678638045789739,-16.17206785744186,9.00708427419132
2001-09-18,-2.420536445647234,-6.767020291162656,-17.16461601953893,8.980465948618297
2001-09-19,-1.3037138444085592,-7.502864235999116,-15.413058242168987,9.212962450216066
2001-09-20,-0.8090990622380572,-8.098921575222036,-16.85047931938249,9.690266637713334
2001-09-21,-2.6157415961109987,-7.205082779637421,-16.533027752064058,10.540008803891812
2001-09-22,-2.28704769339589,-7.36603552930644,-15.283992824985656,10.392927633118857
2001-09-23,-3.7791578078491193,-7.389786213222491,-16.38689509276881,8.299047699124003
2001-09-24,-5.423804635663745,-7.99609895112668,-16.282182545030413,8.919932208492767
2001-09-25,-7.173272306031585,-9.081055147947025,-15.554645674699099,8.947224934920767
2001-09-26,-6.393094312711584,-10.18500675133519,-14.465735852763931,9.270633406247818
2001-09-27,-6.883688158396218,-11.82860112651534,-13.829121723716828,9.023015062690268
2001-09-28,-7.201548378952525,-11.711587597504328,-14.657011310514036,9.93518975381807
2001-09-29,-5.8104614293193055,-9.743235326863726,-12.926750042180469,9.233612941938738
2001-09-30,-5.6693825218619605,-10.429883260859377,-12.928733080550117,9.767915592384563
2001-10-01,-6.382672359760624,-9.07647129789831,-13.858554808324024,10.024788856360662
2001-10-02,-5.182488151921113,-8.910642544367658,-13.549684555484163,8.749652395570717
2001-10-03,-5.279555247998195,-10.473439561216813,-12.913061671180728,8.839547130137483
2001-10-04,-3.697133905523097,-10.73289722235183,-13.250985634363305,9.643735738923237
2001-10-05,-3.145286233823149,-12.506273050818429,-14.610817625673862,10.390222904184228
2001-10-06,-3.359729709518026,-11.130454038360925,-15.20633376937546,10.170171617367863
2001-10-07,-3.8210123767592092,-10.898234125065327,-13.910738050116423,8.809150946201838
2001-10-08,-4.105041534018833,-12.83002079548027,-13.436365380283501,8.039061176995752
2001-10-09,-3.7448456331540805,-13.959523230642993,-11.473348079150517,8.298379807419442
2001-10-10,-2.5030112177664483,-13.91995743117903,-10.567100838902839,9.326383384290049
2001-10-11,-1.5563958456849052,-15.645838172771143,-10.930981798436981,9.344049956088858
2001-10-12,-0.6045896024909373,-16.49694589639664,-12.549534543361473,10.39558943955068
2001-10-13,0.42284244066595933,-17.63423979054095,-12.297462671856229,12.085920096983328
2001-10-14,2.40914924083921,-17.860683185513587,-11.712618839127924,11.09950266959294
2001-10-15,2.9258725424116454,-19.39152478603052,-11.80234026377218,12.620800250146333
2001-10-16,0.6982854120845619,-19.29728427956651,-10.90958809311066,12.828813252781595
2001-10-17,0.38285793651259786,-18.595503198316003,-11.204016387062634,13.866816235134678
2001-10-18,-0.5538567535832906,-19.080445576348357,-9.047544085882933,14.160447968774086
2001-10-19,-0.2874397406447095,-20.493043609165024,-10.48086105698121,14.423900016601431
2001-10-20,0.7313090256778674,-21.100933852991012,-10.558565567499539,14.508836491149042
2001-10-21,-0.7859342465825805,-21.118414855677724,-10.727289067600775,14.594538315860802
2001-10-22,-2.0067983122098703,-21.24183007358778,-9.64551799059732,14.844030978032027
2001-10-23,-3.10467658165399,-20.741507565712507,-8.133754349159469,14.258637607076343
2001-10-24,-3.7093784304809447,-19.961987010896454,-7.501585531298983,14.919658410309541
2001-10-25,-4.667916396506409,-19.42162177162287,-6.924254976562895,14.568900700807273
2001-10-26,-4.826842858077153,-20.393256531052263,-8.720281988851145,14.086089642048487
2001-10-27,-6.054527781068876,-20.675240482641478,-9.669083959421544,13.827532851549222
2001-10-28,-4.761891951283655,-22.37866655726558,-8.985115696648656,15.130729230797037
2001-10-29,-3.2168173873925348,-22.469881861399298,-7.806878353246359,15.291898351902281
2001-10-30,-3.2674353587622296,-22.725499262544893,-8.512924604627232,14.688867048186905
2001-10-31,-4.919077471674009,-21.718722424469547,-7.534675634261522,14.783309666057598
2001-11-01,-5.148119485129318,-22.101771539578404,-6.78183610233941,14.321618061459942
2001-11-02,-6.511627706394927,-21.959346236126503,-5.902161806396284,14.33600472195209
2001-11-03,-5.410413303497112,-22.01232584928687,-6.274805406459583,14.105549191036378
2001-11-04,-4.696960464013945,-21.620991025622992,-6.268924062557922,13.26430341228779
2001-11-05,-5.080875864123063,-21.04545963902372,-5.276691477904672,13.249766691048166
2001-11-06,-4.722165912107674,-22.0247784456806,-4.684352799521069,12.736331377174924
2001-11-07,-5.100598255748133,-23.116111554885713,-3.120846304947377,11.103792534558103
2001-11-08,-5.243817351160397,-20.819243089742546,-3.554222504452221,10.55550970462765
2001-11-09,-5.207752132243561,-20.938308052713214,-4.458544902872478,8.51831016660958
2001-11-10,-4.597335667382078,-20.371683681490254,-3.972339961065897,9.647725513870501
2001-11-11,-3.483152874105623,-19.977824206437354,-4.024323062047143,8.049259983053588
2001-11-12,-4.085113716431691,-20.31047707284244,-2.280018956339753,6.836938026215581
2001-11-13,-3.347716779592904,-20.692956464487736,-2.1538859094999028,6.328612625088454
2001-11-14,-4.66715063362666,-19.921318580811075,-2.1265181588798723,5.7241832773398205
2001-11-15,-6.037390220774284,-20.070549860117318,-0.5399052089786529,5.37458300301125
2001-11-16,-5.218585491828561,-20.561518881716882,0.1274651729218127,5.041268654987551
2001-11-17,-5.629403349550138,-20.471886933645877,0.5715300424085515,7.035499385921727
2001-11-18,-6.591720195916845,-22.251630496486484,2.436835923993888,6.096620596440917
2001-11-19,-5.132923065527976,-22.098312733214897,2.0445201145702856,5.3352914183954026
2001-11-20,-5.357133447923758,-21.389653091268343,4.021467700269434,7.1988837311555605
2001-11-21,-5.927451165339283,-22.74856319397083,2.713980757524533,6.282175096077481
2001-11-22,-5.455472130150115,-21.67013141335427,3.9729961594249437,5.945889164575341
2001-11-23,-5.022220155329005,-22.44791578492606,3.2743671694859886,5.4060625345278535
2001-11-24,-5.124151922749855,-23.310172279368064,3.5143386412731608,3.834671586277606
2001-11-25,-3.6343451386679106,-22.968529743735353,3.9458889299762805,3.58692931089706
2001-11-26,-2.662311846442118,-24.727912971661812,4.574000098899216,5.609512902847053
2001-11-27,-2.78179809207666,-24.544753754103404,6.1467361885009115,7.138113343832526
2001-11-28,-1.6435848679534213,-25.014300113793077,5.909472192170914,9.138278719847099
2001-11-29,0.3423803794547162,-24.96357104661573,7.444525186719587,9.998405818898823
2001-11-30,-1.4841298630131576,-24.80059794897475,8.334750266874256,10.361625984061378
2001-12-01,-1.278432758877302,-25.140592868775997,9.206526452015877,11.293428992902468
2001-12-02,-1.5296417393147197,-26.092535209643167,8.688718506756365,10.834532459342356
2001-12-03,-2.1415351054128244,-28.230651442583238,8.965054404756891,11.771707948118118
2001-12-04,-1.6716640881905391,-29.27747781881495,9.057979160587635,11.807472685407655
2001-12-05,-3.140377177748479,-30.3875417857135,9.271026708706295,9.998508140965853
2001-12-06,-3.5364413313000096,-29.73825594117945,8.387829848776432,11.010137875106413
2001-12-07,-4.204648940998623,-28.45327082559885,6.803895723037482,11.122473372393598
2001-12-08,-3.4279358412869327,-28.668733630750022,6.95335927494861,12.631648630676127
2001-12-09,-3.72733997701517,-28.02779344923109,6.558697734943331,12.184678385946826
2001-12-10,-4.152768999123428,-26.625301703430544,6.604069089069919,12.202666231079421
2001-12-11,-4.391309929485443,-26.971080845333137,5.315367105047683,10.788903170025412
2001-12-12,-4.621844012795522,-27.36070425076454,6.27576830158632,10.491995506699142
2001-12-13,-5.0218231949720575,-27.84417841720783,3.8436075271234804,8.386874067250332
2001-12-14,-5.856024581864339,-26.742892028247567,4.0331648596431116,8.765352117563037
2001-12-15,-4.8768471346765265,-26.189200625808652,4.935578848849169,9.290964112607037
2001-12-16,-4.242652183314943,-26.77951142849193,5.826514913459418,11.034479753977738
2001-12-17,-3.4859335969589997,-27.57646187746842,6.5999133526795655,12.387415054308446
2001-12-18,-4.889523543360061,-28.105841704784716,8.089158125255944,12.462746074161025
2001-12-19,-5.810535299007153,-27.606313634728167,7.13721677267162,11.681624474199836
2001-12-20,-6.740305450837246,-30.236201325029,7.071203682044718,10.688646704831156
2001-12-21,-6.1461118737202,-30.156282784541016,6.655386582869529,10.013742830023062
2001-12-22,-5.428481184550462,-29.331320095143532,6.806108067649457,10.902828425558788
2001-12-23,-5.505680034279026,-29.27090209207017,7.5788480254352875,11.262200883731754
2001-12-24,-6.891918394320953,-28.96636604787673,6.526985120771343,11.942355218221069
2001-12-25,-6.663913265189477,-28.134261817925438,5.1809988289009645,11.043231949691693
2001-12-26,-5.779192682032061,-28.226145935091363,4.400931163056332,12.414943888718822
2001-12-27,-7.302888484194734,-27.843766727719466,3.7145551507559587,12.075977748163629
2001-12-28,-5.456384344257842,-26.43351586365234,2.709197282874179,12.705437675539404
2001-12-29,-5.416806476852772,-27.485981347836244,2.37299187052226,13.736573957365213
2001-12-30,-5.130594880483351,-27.77890049133564,3.101424217587085,14.178170634403607
2001-12-31,-3.6259683249323693,-26.553451925906806,2.5230792383207703,16.065206215232354
2002-01-01,-3.9111308114938077,-24.63133350621296,2.1132406100966783,15.401292521117457
2002-01-02,-3.7014466203162586,-23.950382926602625,3.260116179912883,16.433419635569077
2002-01-03,-3.874780190241396,-24.6936052748397,5.365465917629308,15.689127529293408
2002-01-04,-2.4980635980943804,-25.504865854292895,6.650488359249905,17.200112389885163
2002-01-05,-1.6223372509851104,-25.26401195054573,7.196303142131715,17.298030946220535
2002-01-06,-1.0939838842761744,-25.947619935196936,8.267467905176856,18.976078651007192
2002-01-07,-1.6521678740418668,-24.074928758244482,8.665435377685043,18.921785037068393
2002-01-08,-2.2555996357228993,-24.17970812104769,8.837157393845892,19.106719392157594
2002-01-09,-2.3709647483054663,-24.01020881856751,8.7383856952246,20.8239968719508
2002-01-10,-3.6305723360892364,-24.238351831976484,9.30637388741476,20.754352155250412
2002-01-11,-5.5078828867638965,-24.1376875014145,7.339813536014206,20.702012431419295
2002-01-12,-3.441925942370925,-24.74473168521693,8.104888903202664,20.612869131107697
2002-01-13,-2.1540258341763447,-24.319912682051903,8.453121752502906,20.54120971169525
2002-01-14,-1.5648162369177627,-24.504803911043133,9.8505071235197,20.196412150476256
2002-01-15,-1.4566082596488474,-24.375139910450905,12.01159127256007,20.80634437211922
2002-01-16,-2.5882739084537407,-24.293084513401993,10.965480129524272,23.310265545428457
2002-01-17,-1.5390032266089886,-24.933747880726507,12.221501947887495,24.162310226336
2002-01-18,-0.38583272921807943,-25.11891693195797,10.882596250746651,24.20357254503126
2002-01-19,-3.2008441840839734,-23.852198110600938,11.82634696150091,26.064326006801654
2002-01-20,-3.0258809258352173,-23.69312397234028,11.932198903734617,27.186433103970504
2002-01-21,-3.084948274080904,-23.45269569264869,13.897612305502726,26.6460160621294
2002-01-22,-3.062017020676073,-23.290728162194867,14.685120312646145,26.277881496940232
2002-01-23,-2.803106340854268,-22.832969984682425,14.619649889864576,26.10943405832472
2002-01-24,-4.01277840024561,-20.89539466877568,14.472354334360027,25.259564632169738
2002-01-25,-3.920868277181723,-20.171282381436065,15.003645456551888,26.001519278206153
2002-01-26,-6.967378399418753,-21.001602190847727,15.795345214758209,27.3974664399079
2002-01-27,-6.237087072608821,-19.73905217190295,15.405638726064772,28.78953197315527
2002-01-28,-5.892316809397934,-19.662515386452903,14.519637829457938,28.560446772074304
2002-01-29,-4.723004560633541,-20.650209358414607,13.97219794205757,28.00938762087738
2002-01-30,-6.805352987734816,-22.542699984162507,14.044916571692053,26.965037770013847
2002-01-31,-5.5563382039775995,-24.0910320965781,14.211538401756261,28.030434409837735
2002-02-01,-6.303338343438384,-23.85635086157835,13.545996205595028,27.80635527914248
2002-02-02,-4.218649223485928,-22.862550119817957,12.176108111146648,29.112688347283783
2002-02-03,-3.0066822126493045,-20.93995840353109,11.986424166974736,27.96403183398963
2002-02-04,-1.6749983602646314,-19.558407148386856,11.894497103868002,27.339467598128007
2002-02-05,-2.719450488692731,-20.133153484456717,12.18719476015048,26.67995017446706
2002-02-06,-2.570751536062416,-20.910848814615683,12.708170411371544,25.172345362893008
2002-02-07,-3.9527235863709618,-20.883505268202235,12.137003269878155,25.743093013721865
2002-02-08,-5.801631574792958,-20.20963880406456,13.48770380812018,26.83241440804879
2002-02-09,-5.625665064777273,-21.083426021686844,12.354854711641352,27.437141428751524
2002-02-10,-4.964479279487452,-21.603897701159283,11.405088571578156,28.23343203304749
2002-02-11,-5.312709475325334,-20.490766869674378,13.669964749557703,29.424669320734075
2002-02-12,-3.2194365172130617,-20.29558138254983,15.401578661703,28.311185945904473
2002-02-13,-3.791760080911208,-20.59419860044146,15.359992093999912,27.34398770988182
2002-02-14,-3.2322816077935475,-19.18374027852509,15.40470785502399,26.483551670018187
2002-02-15,-3.376948926173072,-18.17792166869632,15.078093940958215,25.12226585544582
2002-02-16,-3.3062696593108862,-18.6709694367221,16.535832986662854,24.426827968339907
2002-02-17,-4.091500110158361,-16.902013325168063,18.642850506472726,25.716913159252574
2002-02-18,-3.7841345874382317,-17.49854494897358,20.187552444239152,24.9900283219357
2002-02-19,-2.9251538440716205,-16.804074228095278,19.71952004348422,22.80075962743776
2002-02-20,-1.7400296570537244,-16.901339654945772,19.75974404838048,23.48091187022579
2002-02-21,-3.279499776688037,-16.131697449011728,19.29870815596697,24.094308284981405
2002-02-22,-4.288246143773365,-17.158175773432706,18.413345910077336,23.618027349393095
2002-02-23,-4.1596251863607865,-15.94265241096936,18.039321722756938,23.074750771043906
2002-02-24,-4.66758309511357,-15.372769511416061,17.098071427791538,23.30430180919331
2002-02-25,-3.0045861115162875,-14.977251825215573,18.183601703075375,23.55118732389355
2002-02-26,-3.6045924040907824,-13.991924386277493,19.003034295843154,24.45578778712466
2002-02-27,-4.117323957337267,-14.198356828469455,19.923992486964387,24.988737250448015
2002-02-28,-4.031210454481943,-15.031310902682444,17.338411534805388,22.807825767404637
2002-03-01,-4.54621653381259,-15.042716526224323,17.54225915996376,23.317926537801696
2002-03-02,-5.503351030325721,-15.55771444793942,16.962433082541924,22.729094595137646
2002-03-03,-6.578647331390346,-14.384879542903828,18.748745458500196,21.652676375822715
2002-03-04,-4.469327544988074,-13.688329035220509,20.652055140074644,21.963075245274347
2002-03-05,-3.6423209606138274,-12.968721586493547,19.192227375622,21.617415196227917
2002-03-06,-4.861243977859867,-12.74970160588352,18.240671456191528,21.10500770580334
2002-03-07,-7.124236014984948,-12.732916618121218,20.730815215596785,21.469850185268005
2002-03-08,-6.684611432933086,-13.080115784545027,21.149639328329755,20.738515972769036
2002-03-09,-7.262307946617666,-12.846517970075885,20.30278575956144,19.13761879278382
2002-03-10,-7.642725475474781,-12.261928778510299,19.84175397717073,19.68578026110078
2002-03-11,-7.512391526844373,-12.175223864469805,22.08909944343031,20.635552640370697
2002-03-12,-7.57663050942212,-11.255448082285874,21.77460707603747,19.974410450977103
2002-03-13,-6.789584715725518,-13.841740026986606,22.531702392094456,19.672244568099913
2002-03-14,-6.934453109265484,-12.697139134393467,22.62709546752924,18.301726807764513
2002-03-15,-7.88345501500545,-13.762150162789922,23.22347942190525,18.453162372721884
2002-03-16,-7.0111178061068715,-12.973638553037325,23.43353042295803,17.961834237789283
2002-03-17,-7.368699704236049,-12.913537556896767,23.685149425432822,18.533271187724658
2002-03-18,-6.692140958192901,-11.645737383926752,25.10758588795926,17.304285228448627
2002-03-19,-5.258174666264241,-11.272850675013034,24.862862981925606,17.155467086870416
2002-03-20,-6.140775952770907,-12.26217406546328,23.7472974419775,17.956966364000156
2002-03-21,-6.339768466764762,-13.108639911637999,21.697891564494196,17.830396489790672
2002-03-22,-7.014113662595314,-14.19940325360603,21.808704517671057,15.435465838883243
2002-03-23,-6.688227612607755,-13.084251079989546,22.54052182825354,15.850787986929104
2002-03-24,-7.222989781000282,-10.03423469418337,21.88555507034736,16.062026266353
2002-03-25,-8.27109840682757,-8.83440083088439,22.5697517548995,15.958652123762711
2002-03-26,-9.180803454608183,-10.547410057676178,22.80009649311901,14.691437589213916
2002-03-27,-7.844968612068243,-9.746290229901112,22.368597618379383,15.817997476321121
2002-03-28,-6.249943024110676,-8.131042891685452,23.72105271413928,14.357516662262729
2002-03-29,-6.225442983903746,-5.704930788968564,23.514526732206992,15.39861903269983
2002-03-30,-5.503403259386182,-5.332144804707089,24.912025515877982,16.350835474423477
2002-03-31,-5.64003276301627,-5.564271493871023,26.571916038036736,14.91713415880982
2002-04-01,-5.143495360261653,-2.70230941936005,25.9731509354233,14.075631079029598
2002-04-02,-5.7556838874910845,-2.197035656649586,26.242591909516406,14.921391779298443
2002-04-03,-6.221802208823213,-1.2845856786076573,24.923872473031604,14.469337398536023
2002-04-04,-6.061461517971502,-1.7533268186057103,26.38420146981642,14.816405177761478
2002-04-05,-6.324018352826153,-0.09393788886978438,28.11227261072308,16.274593634524646
2002-04-06,-6.445023400036961,0.4079948825373555,27.858309892786558,16.5593042882466
2002-04-07,-5.200969810592012,1.3506477818877451,26.64723945039654,16.01695632388528
2002-04-08,-5.216204669793695,0.9127791939374128,26.741219198532857,16.306274625614822
2002-04-09,-3.777768566159832,0.4512285052292099,27.256670911497984,15.961727889798366
2002-04-10,-4.273249025242066,0.9495677915591244,27.35146667570082,16.0342459336584
2002-04-11,-3.909660084019146,0.30235855222514907,27.530062238554088,16.161108095318948
2002-04-12,-3.5483357576540087,1.2847988023590133,27.910563063909755,14.944655981762986
2002-04-13,-4.26836744286943,0.6303940296214492,27.797024843693126,14.607565177726126
2002-04-14,-4.638237409204895,0.4866886147463111,27.006356551062094,15.56427630533305
2002-04-15,-5.129024044971891,0.5451248032340081,26.89232371452547,16.781983889517154
2002-04-16,-6.221071711786822,-0.22310103260011283,26.837535482248867,16.4424579011845
2002-04-17,-7.1654151570303215,0.004004521027763608,26.966798006476292,16.81062083769572
2002-04-18,-7.702914951347285,-0.31601023361907066,28.134956260347998,18.252735587586642
2002-04-19,-8.217863585410598,0.7079442338009314,29.189744694487413,19.49212399498799
2002-04-20,-8.221273279027306,1.1193478662169727,30.44780247780407,20.23805762460178
2002-04-21,-9.347589256620429,-0.7114789839863727,30.141399068267667,17.187266549151346
2002-04-22,-9.34457014712825,-0.20786344233805099,30.832486997257977,16.506479800091448
2002-04-23,-8.520071990406157,1.4396125018296577,31.595134847205202,18.083120498220143
2002-04-24,-9.31845074816604,1.343712726634144,31.726790069040405,17.99355050560573
2002-04-25,-10.102682978007733,5.346728414079657,31.937209872216577,17.88998058980607
2002-04-26,-9.224726673874331,5.302271946502643,32.26894459702923,17.481925629207566
2002-04-27,-7.1817064270455715,3.4827211707166406,32.76420048525888,19.457893457553944
2002-04-28,-7.884212742007144,4.034537945083576,31.674743239129466,21.749192978490996
2002-04-29,-8.306111995297112,3.2366102644405514,31.73030460075179,22.37747461671776
2002-04-30,-9.303783633856337,4.655051649206016,30.86530314128462,20.949533434336757
2002-05-01,-8.556131650759221,3.581591408813903,32.78506699228572,20.938669900722157
2002-05-02,-8.264366168096174,5.265422962735599,30.88604679529335,19.235997446863667
2002-05-03,-9.211926855989597,6.409840813040939,32.34332088398119,19.015297706485725
2002-05-04,-10.18410514255083,7.849400807403342,31.982538449988038,19.678669562002618
2002-05-05,-10.964195311125195,6.93201449688654,30.585243822404777,20.202946192222154
2002-05-06,-12.07091776847764,7.742922343747062,29.91508033689128,20.2475529705892
2002-05-07,-12.94191683035652,7.0836049624114965,29.95675457359308,19.917080775077658
2002-05-08,-14.049313333583251,5.894650219263301,28.63627284752723,18.781867159594523
2002-05-09,-13.112877346444764,6.770883433055444,28.79976799971676,18.42125273478686
2002-05-10,-13.22411306625125,6.995049838878415,30.69591856669988,17.117684586438575
2002-05-11,-11.4167688642926,8.084502171158398,31.80692501856772,15.560682234285606
2002-05-12,-10.129560559508331,7.641433954724717,31.778137460304237,15.949823094408059
2002-05-13,-9.677605369233254,6.913669170185176,30.38843748991804,15.756634261987948
2002-05-14,-9.877166431159702,8.140934350511346,30.76249236537901,18.86587872022887
2002-05-15,-10.092122597409732,7.480079593270332,28.451960850315164,19.91443315465818
2002-05-16,-10.187542131335697,6.4615990844783555,28.556517422044973,19.266214521379656
2002-05-17,-9.978788108136516,6.881676952971791,26.916913056459233,20.06340632785621
2002-05-18,-11.682029244986854,5.6788629735290055,29.121534090710618,19.71032925122061
2002-05-19,-10.92054395482443,6.683690874675458,28.507400338514973,19.35967859069975
2002-05-20,-9.707485596914493,6.561384227208235,30.104640032620246,20.47614518477632
2002-05-21,-9.804348899780244,6.503682274228362,31.118709110289256,19.670407485303205
2002-05-22,-9.13811866181239,6.198035593214588,31.39517072753398,21.140025060235892
2002-05-23,-8.462530008371514,6.944418804276925,29.52118618460517,21.710869547672047
2002-05-24,-8.54058089471247,7.373689337305803,29.399965988060263,22.158180361215948
2002-05-25,-6.9255140622792455,8.241074193966453,28.68508761626655,21.993131330421875
2002-05-26,-6.4276549594926085,7.029480059213933,28.19364499732226,22.076392684975154
2002-05-27,-6.917547232642314,6.64169996818166,27.569383426498078,23.030678645969616
2002-05-28,-7.015280486345656,7.273073336802131,28.231304773693626,25.02956240893201
2002-05-29,-6.351026488047726,8.308708148367096,28.47319136678734,26.329033926427464
2002-05-30,-6.241192043144864,9.205522218022622,28.577712812469876,25.0040920505372
2002-05-31,-8.177136705748762,7.860653534006646,27.58390432196446,25.969937029979665
2002-06-01,-8.916221341095431,6.022101423719641,29.188147048588952,25.0691202333787
2002-06-02,-9.86238582029766,6.408718788044754,28.18654591875349,25.65074159069284
2002-06-03,-10.942770416942219,5.528629621531929,26.953935657623727,24.81901334392612
2002-06-04,-11.416653253405874,5.835672272881769,27.77800672148889,23.814598998250993
2002-06-05,-11.096553851487059,6.990712166121935,28.648412484153436,23.576913055293613
2002-06-06,-11.041649424357153,6.74751961088609,27.846619081104194,22.023701045338402
2002-06-07,-10.614828855864497,5.373278998168146,28.17351970887705,22.05176399138266
2002-06-08,-10.708159560350985,4.659028918896805,28.352002757008467,20.15113740545866
2002-06-09,-9.602576440329052,6.122380654021827,28.643455744209376,19.361376958888275
2002-06-10,-9.603317351686606,5.586339305690312,28.459918381690557,18.97719094162704
2002-06-11,-11.08184960692162,5.590879062482213,27.755880926407624,18.42789545410998
2002-06-12,-10.196965407867486,5.090397006240093,27.076738141856946,17.539312521198017
2002-06-13,-8.658858149910788,5.3925866286926185,27.88122498764616,17.076348973591273
2002-06-14,-8.500809073453754,6.208867654494781,27.154511227628273,14.491030021542885
2002-06-15,-7.981741875609396,6.469219485491198,27.241929977136635,14.454244670644291
2002-06-16,-8.273854542051545,7.100361313729223,26.29859160800312,14.328119701596693
2002-06-17,-9.523915842157583,6.275700318211583,25.285675277986947,12.786740499432348
2002-06-18,-7.757323330906173,6.28255698823469,25.08848566321867,11.313124057653349
2002-06-19,-8.946383876053726,6.926891702956723,24.07912025978465,12.672270828717043
2002-06-20,-7.456383375004772,7.471036970321828,23.833318853801067,14.198737155625
2002-06-21,-8.04254019605879,6.501231164316924,21.796719809147284,13.110751084321407
2002-06-22,-6.876088468197468,6.271397037849696,21.90354051512682,13.54993237367356
2002-06-23,-5.924561890138545,7.100711911489421,22.932894399471735,14.626898085822141
2002-06-24,-6.542575903033639,6.521408777048527,22.082690447109243,14.303565809223528
2002-06-25,-7.256794544248683,8.939757549736672,22.15995376819113,12.593033591954537
2002-06-26,-5.91522907342618,6.9907925547725185,21.80582822119417,13.541876903711888
2002-06-27,-6.53117686359994,8.334193511446848,21.464234032047017,13.811083065246365
2002-06-28,-8.833026641384812,8.151620430455012,20.7742819038808,13.738649930995907
2002-06-29,-8.307059212503658,8.54914569194669,20.31664522108792,12.519181073491238
2002-06-30,-6.421119577116064,7.913123931368428,19.92038701224355,14.925146781023928
2002-07-01,-6.290018309141266,6.950981411792269,17.59184169319415,15.24301678003661
2002-07-02,-5.831049669962619,8.384500023843874,17.417915734586117,15.330758562430006
2002-07-03,-6.487192358286073,8.360169128819537,17.106594144531165,14.315740892909664
2002-07-04,-5.520109464149791,8.136451320826607,18.27621592550933,14.38976766452729
2002-07-05,-5.098205149939834,9.023143374307624,17.939344346411897,14.988060528334644
2002-07-06,-7.160168751521448,9.832107240308972,18.452065444168703,15.261072431117993
2002-07-07,-7.524535891968782,10.511347154844428,18.958110687140596,15.008948283686557
2002-07-08,-7.677772081045748,10.283265550797308,20.02273494271499,17.09951117667628
2002-07-09,-6.598633976104171,10.616371644388343,21.736863014014943,16.890341625582124
2002-07-10,-6.18109270005636,11.11963333361485,20.84783436355186,16.406443883711034
2002-07-11,-6.584852741216178,11.0325716501685,22.698753142066867,17.019192271413818
2002-07-12,-6.583946327363303,13.125841504786113,21.530680474462297,18.330930295710097
2002-07-13,-7.314321783538039,12.83105250822121,21.550219779843417,18.68589945308051
2002-07-14,-6.784188769353154,11.613817772910815,21.038711904342815,18.511713100024995
2002-07-15,-6.382813765174643,10.344177794636964,20.914290246687077,18.125630397944754
2002-07-16,-6.041680787083138,11.709470890225813,20.943803154472157,17.89105529243827
2002-07-17,-5.262784928736549,12.865361038930843,20.140414799585663,15.943226487161581
2002-07-18,-6.355805662978816,14.135693215333179,21.359240467430656,17.09898920088935
2002-07-19,-8.244931358995965,15.063954032468951,20.944683107720756,15.951357532351766
2002-07-20,-9.80322085046935,15.09737233020371,20.449420426889617,13.615430848552924
2002-07-21,-8.094736905077456,15.413568865606587,20.745385646492387,14.449506418096624
2002-07-22,-8.15320674351813,15.327093980786826,21.524890435088455,15.33925729412568
2002-07-23,-8.689783637154708,15.173024162598844,23.413093565592938,16.522173632257
2002-07-24,-8.832581871991554,15.272890601238036,22.220265471029787,15.147058447569806
2002-07-25,-9.600295697294245,15.41340521777005,22.762106122160557,14.765207793378487
2002-07-26,-8.031016874805449,14.651625688263023,22.72423798711247,15.055255271390246
2002-07-27,-6.952998109467627,14.141513294071672,22.322047253583982,15.535856616792676
2002-07-28,-6.456325173894622,13.895729085579108,21.69976088148244,15.075107559232523
2002-07-29,-7.572583380451548,14.085884480092254,22.11017223054374,15.696492660582045
2002-07-30,-6.092806156313005,15.777959396370806,21.520251710957726,13.921140248722967
2002-07-31,-6.818375281527667,17.024349701433426,21.54529494775339,15.37343111490403
2002-08-01,-7.01757466994855,15.922643798292418,20.38517844882252,15.53467655209454
2002-08-02,-6.640805966325357,15.929064828806226,19.94152574557458,16.113402446653723
2002-08-03,-5.678120094024758,15.626154110878606,20.820781864271254,16.12701715483351
2002-08-04,-5.880482937907003,14.505050370812215,20.63616704546533,16.685325205862327
2002-08-05,-5.069872800108389,14.395944905651943,20.296076851375265,19.196107003647935
2002-08-06,-6.464499158542602,13.90275993411476,21.773072105550042,18.948866445618414
2002-08-07,-6.341625541783526,13.38623094258004,21.20855364798138,19.447888225737778
2002-08-08,-7.440111448056454,13.590355219271064,21.587245837928002,18.99176366215851
2002-08-09,-6.867504900173514,15.12903510215846,19.79184001342364,18.804559226747802
2002-08-10,-8.21963139003372,13.898537651234923,18.92702151437922,19.64463548023208
2002-08-11,-8.308773117839468,13.93275372686341,17.773816058533825,19.59774097669001
2002-08-12,-8.844652576260149,13.771905164107975,16.82265542307788,21.829440565274655
2002-08-13,-9.518123316653282,12.934540038942423,16.522681108813064,22.72409399135258
2002-08-14,-9.160711929262906,11.291423087996705,17.34016145701375,21.506798414818167
2002-08-15,-8.82344179887126,11.509426316781413,15.997771433884097,22.15201280449613
2002-08-16,-8.416616513539413,11.2926616709616,16.307414716782546,23.469934225262936
2002-08-17,-8.270244610118036,10.105953124627147,17.84539920229307,22.257095035246383
2002-08-18,-8.475779970802773,9.604661928110835,19.528601942452728,22.383940691672397
2002-08-19,-7.309516128035537,8.73522734493138,18.186755515256873,21.309550525946257
2002-08-20,-8.12978400223336,7.208243261481869,18.40234846093253,20.17769830048404
2002-08-21,-9.707531454472296,5.281918494810187,17.557574290821666,20.552964150236864
2002-08-22,-11.61010513497966,4.984255241442029,18.38145278267886,20.86165401444466
2002-08-23,-10.328638913948781,5.770526488836922,16.513537881174532,20.799270967009953
2002-08-24,-10.831825422518868,6.0803397926929375,17.99913764146216,21.2679080878367
2002-08-25,-9.797535646793921,6.646314755478754,19.186056294081204,21.797315743802407
2002-08-26,-9.715301382795678,5.327869429914677,18.05797296609645,22.70357138642459
2002-08-27,-9.51847457648937,4.610149748490722,19.346129365194283,23.03933469475655
2002-08-28,-10.133176614026956,3.2001916638436674,18.249133059580043,22.091840623108897
2002-08-29,-10.094064373869015,1.9322339720954296,19.54929705830515,24.59940682223453
2002-08-30,-11.056040628367938,2.4973180536626423,18.628200296293702,25.743002404497975
2002-08-31,-11.560723680511398,2.119969019857334,18.697284668557423,25.72940743767727
2002-09-01,-13.277650518403574,3.6775029896550073,17.991557798418473,27.534079530336967
2002-09-02,-13.310668850332243,5.9326641575087535,19.028553368950917,26.975684466997237
2002-09-03,-13.717279049599709,5.708922230651432,20.90183167228558,27.90890106166633
2002-09-04,-12.267683611129355,4.461858234332159,22.114736930640994,29.21847845664251
2002-09-05,-14.398093432931057,3.975779146640877,22.292682541220813,30.9782669427823
2002-09-06,-13.412535495453406,3.8279295549581605,23.843404713794627,31.537567747736144
2002-09-07,-12.696065458174965,5.037836982418922,22.869843362287508,31.97470265762511
2002-09-08,-11.28807207910074,5.002057107265556,21.456570448941655,32.03175991196047
2002-09-09,-11.022653831691818,4.675492475461996,21.991409390612095,29.6992000920185
2002-09-10,-10.696935837057648,6.924926010217437,20.481172184552896,29.18982304455094
2002-09-11,-10.680553753508642,7.408955672468442,20.51209128037326,30.088948587919734
2002-09-12,-12.10703047727478,9.909126466198412,20.364922578809463,29.912734216513897
2002-09-13,-12.44838198189258,8.753326908202354,19.313586263819275,30.227926345201787
2002-09-14,-13.796777247854434,8.78924814326233,20.280687237921548,31.087016693543852
2002-09-15,-12.375239081492863,9.130644491224583,17.5329887408782,31.87215902480043
2002-09-16,-13.126806504290103,9.66842828291046,17.693496592009165,32.60311976981458
2002-09-17,-12.544922298103053,9.095542476989214,18.101123839061263,32.86277118269957
2002-09-18,-11.358977738887551,9.1935330134597,18.115056787943644,34.671396752368864
2002-09-19,-10.878425581238574,9.52662579889768,19.465579895600957,35.29743282663395
2002-09-20,-9.778815896438953,9.231164333600764,18.996002794743035,33.99244116363612
2002-09-21,-7.601192117513837,8.265928138320374,21.039732091523426,34.941263061775906
2002-09-22,-8.180031280696644,8.843168142597534,19.85748480681487,34.92549225211179
2002-09-23,-5.874660550939202,8.612778213029983,20.49449712561522,35.476647745173004
2002-09-24,-3.7175775725446667,6.898262300004464,19.91795748404557,35.581448020476685
2002-09-25,-2.56936700106652,6.695957498016794,18.573068770976505,35.91844447150851
2002-09-26,-3.2591385878114236,5.850555777378581,17.030514457827707,36.758098157583845
